https://developer.concur.com/node/1,https://developer.concur.com/technical-library/api-documentation-roadmap
https://developer.concur.com/node/2,https://developer.concur.com/
https://developer.concur.com/node/4,https://developer.concur.com/software-developer-kit/architecture
https://developer.concur.com/node/5,https://developer.concur.com/support
https://developer.concur.com/node/7,https://developer.concur.com/software-developer-kit/architecture/outbound-web-services
https://developer.concur.com/node/8,https://developer.concur.com/software-developer-kit/architecture/managing-partner-applications
https://developer.concur.com/node/9,https://developer.concur.com/software-developer-kit/architecture/managing-external-systems
https://developer.concur.com/node/10,https://developer.concur.com/code-sample
https://developer.concur.com/node/16,https://developer.concur.com/software-developer-kit/reference-guides
https://developer.concur.com/node/24,https://developer.concur.com/overview
https://developer.concur.com/node/25,https://developer.concur.com/api-documentation/core-concepts
https://developer.concur.com/node/42,https://developer.concur.com/api-documentation/more-resources/deprecated-features/get-full-report-details-deprecated
https://developer.concur.com/node/46,https://developer.concur.com/api-documentation/deprecated-features/get-list-reports-v10
https://developer.concur.com/node/56,https://developer.concur.com/registerold
https://developer.concur.com/node/58,https://developer.concur.com/en-uk/free-trial
https://developer.concur.com/node/75,https://developer.concur.com/api-documentation/web-services/trips/get-booking-details
https://developer.concur.com/node/77,https://developer.concur.com/api-documentation/web-services/trips/get-trip-service-list
https://developer.concur.com/node/80,https://developer.concur.com/api-documentation/web-services/trips/trips-post-functions/post-booking-details
https://developer.concur.com/node/81,https://developer.concur.com/api-documentation/web-services/trips/trips-post-functions/post-booking-details-batch
https://developer.concur.com/node/82,https://developer.concur.com/api-documentation/web-services/trips/trips-post-functions/post-trip-details
https://developer.concur.com/node/83,https://developer.concur.com/api-documentation/web-services/trips/trips-post-functions/post-trip-details-batch
https://developer.concur.com/node/90,https://developer.concur.com/en-us/login
https://developer.concur.com/node/99,https://developer.concur.com/ping-status
https://developer.concur.com/node/104,https://developer.concur.com/release-notes
https://developer.concur.com/node/108,https://developer.concur.com/node/108
https://developer.concur.com/node/110,https://developer.concur.com/reference/apis-product
https://developer.concur.com/node/113,https://developer.concur.com/api-documentation/web-services/imaging
https://developer.concur.com/node/134,https://developer.concur.com/forums/concur-connect/authentication/posts/authentication-using-2-legged-oauth-request
https://developer.concur.com/node/135,https://developer.concur.com/forums/concur-connect/authentication/posts/couldnt-connect-http-client-using-boomi-atomsphere
https://developer.concur.com/node/149,https://developer.concur.com/forums/concur-connect/authentication/posts/2-leg-oauth-test-case-using-list-item-web-service
https://developer.concur.com/node/151,https://developer.concur.com/forums/concur-connect/authentication/posts/3-legged-oauth-temporary-credential-auth-request
https://developer.concur.com/node/156,https://developer.concur.com/go-market/app-review/app-review-faqs
https://developer.concur.com/node/163,https://developer.concur.com/node/163
https://developer.concur.com/node/164,https://developer.concur.com/node/164
https://developer.concur.com/node/165,https://developer.concur.com/node/165
https://developer.concur.com/node/166,https://developer.concur.com/node/166
https://developer.concur.com/node/170,https://developer.concur.com/forums/concur-connect/general/posts/test-connection-results-error-message-invalid-user-name-or-passw
https://developer.concur.com/node/176,https://developer.concur.com/forums/concur-connect/general/posts/documentation-bug-expense-report-header-api-doc
https://developer.concur.com/node/177,https://developer.concur.com/forums/concur-connect/general/posts/error-post-expense-report-api-documentation
https://developer.concur.com/node/178,https://developer.concur.com/forums/concur-connect/authentication/posts/oauth-token-required-2legged-oauth
https://developer.concur.com/node/179,https://developer.concur.com/forums/concur-connect/general/posts/how-do-obtain-reportid-if-one-doesnt-exist
https://developer.concur.com/node/180,https://developer.concur.com/forums/concur-connect/general/posts/post-expense-report-header-first-then-post-expense-entries
https://developer.concur.com/node/181,https://developer.concur.com/forums/concur-connect/general/posts/concur-oauth-client-libraries-net-available
https://developer.concur.com/node/182,https://developer.concur.com/forums/concur-connect/general/posts/connecting-concur-api-works-working-through-webservice-fails
https://developer.concur.com/node/185,https://developer.concur.com/forums/concur-connect/general/posts/exceptions-submitted-expense-report-entries
https://developer.concur.com/node/186,https://developer.concur.com/forums/concur-connect/general/posts/expense-keys-given-custom-expense-types-are-not-recognized-api
https://developer.concur.com/node/188,https://developer.concur.com/node/188
https://developer.concur.com/node/189,https://developer.concur.com/forums/concur-connect/general/posts/questions-about-posting-images-concur
https://developer.concur.com/node/190,https://developer.concur.com/developer-support/maintenance-schedule
https://developer.concur.com/node/194,https://developer.concur.com/node/194
https://developer.concur.com/node/203,https://developer.concur.com/overview/partner-applications
https://developer.concur.com/node/205,https://developer.concur.com/reference/http-codes
https://developer.concur.com/node/208,https://developer.concur.com/en-us/support/thankyou
https://developer.concur.com/node/212,https://developer.concur.com/node/212
https://developer.concur.com/node/221,https://developer.concur.com/node/221
https://developer.concur.com/node/222,https://developer.concur.com/more-resources/deprecated-apis
https://developer.concur.com/node/224,https://developer.concur.com/api-documentation/drafts-internal/deprecated-features/implementing-and-troubleshooting-oauth
https://developer.concur.com/node/228,https://developer.concur.com/en-us/privacy-policy
https://developer.concur.com/node/229,https://developer.concur.com/forums/concur-connect/authentication/posts/net-sample-code-and-oauth
https://developer.concur.com/node/234,https://developer.concur.com/node/234
https://developer.concur.com/node/235,https://developer.concur.com/forums/concur-connect/general/posts/gives-message-forbidden-user-api
https://developer.concur.com/node/249,https://developer.concur.com/samplexml
https://developer.concur.com/node/257,https://developer.concur.com/node/257
https://developer.concur.com/node/258,https://developer.concur.com/forums/concur-connect/general/posts/encoding-ids-urls
https://developer.concur.com/node/260,https://developer.concur.com/forums/concur-connect/developer-sandbox/posts/how-setup-custom-fields-hcp-database
https://developer.concur.com/node/271,https://developer.concur.com/node/271
https://developer.concur.com/node/273,https://developer.concur.com/forums/concur-connect/general/posts/how-list-all-expense-report-lastmodified-date-query
https://developer.concur.com/node/281,https://developer.concur.com/forums/concur-connect/general/posts/question-about-create-custom-field-attendee
https://developer.concur.com/node/291,https://developer.concur.com/node/291
https://developer.concur.com/node/293,https://developer.concur.com/forums/concur-connect/general/posts/unable-post-attendee-using-concur-connect-api
https://developer.concur.com/node/294,https://developer.concur.com/testdateblock
https://developer.concur.com/node/297,https://developer.concur.com/forums/concur-connect/general/posts/concur-evaluationdemo-licence
https://developer.concur.com/node/299,https://developer.concur.com/node/299
https://developer.concur.com/node/306,https://developer.concur.com/forums/concur-connect/general/posts/please-be-aware-when-using-update-user-password-webservice
https://developer.concur.com/node/308,https://developer.concur.com/node/308
https://developer.concur.com/node/309,https://developer.concur.com/node/309
https://developer.concur.com/node/310,https://developer.concur.com/node/310
https://developer.concur.com/node/311,https://developer.concur.com/node/311
https://developer.concur.com/node/312,https://developer.concur.com/node/312
https://developer.concur.com/node/313,https://developer.concur.com/node/313
https://developer.concur.com/node/314,https://developer.concur.com/node/314
https://developer.concur.com/node/315,https://developer.concur.com/node/315
https://developer.concur.com/node/316,https://developer.concur.com/node/316
https://developer.concur.com/node/318,https://developer.concur.com/node/318
https://developer.concur.com/node/319,https://developer.concur.com/node/319
https://developer.concur.com/node/320,https://developer.concur.com/node/320
https://developer.concur.com/node/321,https://developer.concur.com/node/321
https://developer.concur.com/node/325,https://developer.concur.com/node/325
https://developer.concur.com/node/326,https://developer.concur.com/node/326
https://developer.concur.com/node/327,https://developer.concur.com/node/327
https://developer.concur.com/node/330,https://developer.concur.com/node/330
https://developer.concur.com/node/333,https://developer.concur.com/list-item/list-resource
https://developer.concur.com/node/337,https://developer.concur.com/api-documentation/deprecated-features/get-trip-summary-list-v10-deprecated
https://developer.concur.com/node/338,https://developer.concur.com/forums/concur-connect/general/posts/submit-car-mileagedistance-expense-api
https://developer.concur.com/node/339,https://developer.concur.com/node/339
https://developer.concur.com/node/341,https://developer.concur.com/forums/concur-connect/general/posts/how-pull-associated-gl-code-using-report-full-details
https://developer.concur.com/node/342,https://developer.concur.com/forums/concur-connect/general/posts/how-get-more-500-list-items
https://developer.concur.com/node/343,https://developer.concur.com/list-item/list-resource/list-resource-get
https://developer.concur.com/node/352,https://developer.concur.com/forums/concur-connect/developer-sandbox/posts/how-access-wsdl-concur-or-api-concur-expence
https://developer.concur.com/node/360,https://developer.concur.com/node/360
https://developer.concur.com/node/362,https://developer.concur.com/list-item/list-resource/list-resource-post
https://developer.concur.com/node/367,https://developer.concur.com/node/367
https://developer.concur.com/node/368,https://developer.concur.com/forums/concur-connect/general/posts/updating-inactive-users-and-activating-inactive-user-through-api
https://developer.concur.com/node/370,https://developer.concur.com/list-item
https://developer.concur.com/node/371,https://developer.concur.com/callouts/fetch-attendee
https://developer.concur.com/node/372,https://developer.concur.com/more-resources/deprecated-apis/post-attendee-search-version-10-deprecated
https://developer.concur.com/node/373,https://developer.concur.com/api-documentation/new-portal-format
https://developer.concur.com/node/374,https://developer.concur.com/attendee
https://developer.concur.com/node/375,https://developer.concur.com/attendee/attendee-type-resource
https://developer.concur.com/node/376,https://developer.concur.com/attendee/attendee-type-resource/attendee-type-resource-get
https://developer.concur.com/node/377,https://developer.concur.com/api-documentation/web-services/attendee-list/attendee-resource
https://developer.concur.com/node/378,https://developer.concur.com/api-documentation/web-services/attendee-list/attendee-resource/attendee-resource-post
https://developer.concur.com/node/379,https://developer.concur.com/forums/concur-connect/developer-sandbox/posts/test-connection-fails
https://developer.concur.com/node/380,https://developer.concur.com/extract
https://developer.concur.com/node/381,https://developer.concur.com/extract/extract-definition-resource
https://developer.concur.com/node/382,https://developer.concur.com/extract/extract-definition-resource/extract-definition-resource-get
https://developer.concur.com/node/383,https://developer.concur.com/extract/extract-job-resource
https://developer.concur.com/node/384,https://developer.concur.com/extract/extract-job-resource/extract-job-resource-get
https://developer.concur.com/node/385,https://developer.concur.com/extract/extract-job-resource/extract-job-resource-post
https://developer.concur.com/node/386,https://developer.concur.com/extract/extract-file-resource
https://developer.concur.com/node/387,https://developer.concur.com/extract/extract-file-resource/extract-file-resource-get
https://developer.concur.com/node/388,https://developer.concur.com/imaging
https://developer.concur.com/node/389,https://developer.concur.com/imaging/image-resource
https://developer.concur.com/node/390,https://developer.concur.com/termsandconditions.html
https://developer.concur.com/node/391,https://developer.concur.com/imaging/image-resource/image-resource-post
https://developer.concur.com/node/392,https://developer.concur.com/imaging/image-url-resource/image-url-resource-get
https://developer.concur.com/node/393,https://developer.concur.com/imaging/image-url-resource
https://developer.concur.com/node/394,https://developer.concur.com/purchase-order
https://developer.concur.com/node/395,https://developer.concur.com/purchase-order/purchase-order-resource/purchase-order-resource-post
https://developer.concur.com/node/396,https://developer.concur.com/purchase-order/purchase-order-resource
https://developer.concur.com/node/397,https://developer.concur.com/trip-approval
https://developer.concur.com/node/398,https://developer.concur.com/trip-approval/trip-approval-resource
https://developer.concur.com/node/399,https://developer.concur.com/trip-approval/trip-approval-resource/approval-resource-post
https://developer.concur.com/node/401,https://developer.concur.com/users
https://developer.concur.com/node/402,https://developer.concur.com/users/user-password-resource/user-password-resource-post
https://developer.concur.com/node/403,https://developer.concur.com/users/user-password-resource
https://developer.concur.com/node/404,https://developer.concur.com/users/users-resource/user-resource-post
https://developer.concur.com/node/405,https://developer.concur.com/users/users-resource
https://developer.concur.com/node/406,https://developer.concur.com/users/users-resource/user-resource-get
https://developer.concur.com/node/407,https://developer.concur.com/users/employee-form-field-resource
https://developer.concur.com/node/408,https://developer.concur.com/user-resource/employee-form-field-resource/employee-form-field-resource-get
https://developer.concur.com/node/409,https://developer.concur.com/direct-connects/ground-transportation
https://developer.concur.com/node/414,https://developer.concur.com/direct-connects/ground-transportation/post-transportation-search
https://developer.concur.com/node/415,https://developer.concur.com/direct-connects/ground-transportation/post-reservation-detail-search
https://developer.concur.com/node/416,https://developer.concur.com/forums/concur-connect/general/posts/post-image-expense-entry
https://developer.concur.com/node/421,https://developer.concur.com/direct-connects/ground-transportation/post-reservation-sell
https://developer.concur.com/node/422,https://developer.concur.com/direct-connects/ground-transportation/cancel-reservation
https://developer.concur.com/node/423,https://developer.concur.com/direct-connects/ground-transportation/update-reservation-supplier
https://developer.concur.com/node/424,https://developer.concur.com/direct-connects/ground-transportation/update-reservation-travel
https://developer.concur.com/node/425,https://developer.concur.com/payment-batch
https://developer.concur.com/node/426,https://developer.concur.com/payment-batch/payment-batch-resource
https://developer.concur.com/node/427,https://developer.concur.com/payment-batch-file/payment-batch-resource/get-list-payment-batches
https://developer.concur.com/node/428,https://developer.concur.com/payment-batch/payment-batch-resource/close-payment-batch
https://developer.concur.com/node/429,https://developer.concur.com/payment-batch/payment-batch-file-resource
https://developer.concur.com/node/430,https://developer.concur.com/node/430
https://developer.concur.com/node/431,https://developer.concur.com/payment-batch-file/payment-batch-file-resource/get-payment-batch-file
https://developer.concur.com/node/432,https://developer.concur.com/callouts/event-notification
https://developer.concur.com/node/433,https://developer.concur.com/callouts/event-notification/post-event-notification
https://developer.concur.com/node/434,https://developer.concur.com/direct-connects/hotel
https://developer.concur.com/node/435,https://developer.concur.com/direct-connects/hotel/post-availability-search
https://developer.concur.com/node/436,https://developer.concur.com/direct-connects/hotel/post-booking-rule-search
https://developer.concur.com/node/437,https://developer.concur.com/direct-connects/hotel/post-hotel-search
https://developer.concur.com/node/438,https://developer.concur.com/direct-connects/hotel/post-new-reservation
https://developer.concur.com/node/439,https://developer.concur.com/direct-connects/hotel/post-reservation-query
https://developer.concur.com/node/440,https://developer.concur.com/direct-connects/hotel/post-reservation-cancellation
https://developer.concur.com/node/441,https://developer.concur.com/callouts/launch-external-url
https://developer.concur.com/node/442,https://developer.concur.com/callouts/launch-external-url/launch-external-url-request
https://developer.concur.com/node/443,https://developer.concur.com/callouts/fetch-list
https://developer.concur.com/node/444,https://developer.concur.com/callouts/fetch-list/post-list-search-request
https://developer.concur.com/node/462,https://developer.concur.com/node/462
https://developer.concur.com/node/465,https://developer.concur.com/expense-report
https://developer.concur.com/node/466,https://developer.concur.com/expense-report/company-card-transaction-resource
https://developer.concur.com/node/467,https://developer.concur.com/expense-report/company-card-transaction-resource/company-card-transaction-resource-get
https://developer.concur.com/node/468,https://developer.concur.com/expense-report/expense-form-resource
https://developer.concur.com/node/469,https://developer.concur.com/expense-report/expense-form-resource/expense-form-resource-get
https://developer.concur.com/node/470,https://developer.concur.com/expense-report/expense-form-field-resource
https://developer.concur.com/node/471,https://developer.concur.com/expense-report/expense-form-field-resource/expense-form-field-resource-get
https://developer.concur.com/node/472,https://developer.concur.com/expense-report/expense-group-configuration-resource
https://developer.concur.com/node/473,https://developer.concur.com/expense-report/expense-group-configuration-resource/expense-group-configuration-resource-get
https://developer.concur.com/node/474,https://developer.concur.com/expense-report/expense-delegator-resource
https://developer.concur.com/node/475,https://developer.concur.com/expense-report/expense-delegator-resource/expense-delegator-resource-get
https://developer.concur.com/node/476,https://developer.concur.com/expense-report/expense-entry-attendee-resource
https://developer.concur.com/node/477,https://developer.concur.com/api-documentation/deprecated-features/expense-entry-attendee-resource-get-deprecated
https://developer.concur.com/node/478,https://developer.concur.com/api-documentation/web-services/expense-report/expense-entry-attendee-resource/expense-entry-attend-0
https://developer.concur.com/node/479,https://developer.concur.com/expense-report/expense-entry-resource
https://developer.concur.com/node/480,https://developer.concur.com/expense-report/expense-entry-resource/get-expense-entry-details
https://developer.concur.com/node/481,https://developer.concur.com/expense-report/expense-entry-resource/post-entries
https://developer.concur.com/node/482,https://developer.concur.com/expense-report/expense-entry-itemization-resource
https://developer.concur.com/node/483,https://developer.concur.com/expense-report/expense-entry-itemization-resource/expense-entry-itemization-resource-post
https://developer.concur.com/node/484,https://developer.concur.com/expense-report/expense-report-header-resource
https://developer.concur.com/node/485,https://developer.concur.com/expense-report/expense-report-header-resource/expense-report-header-resource-post
https://developer.concur.com/node/486,https://developer.concur.com/expense-report/expense-report-resource
https://developer.concur.com/node/487,https://developer.concur.com/expense-report/expense-report-resource/get-report-details
https://developer.concur.com/node/488,https://developer.concur.com/expense-report/location-resource
https://developer.concur.com/node/489,https://developer.concur.com/expense-report/location-resource/location-resource-get
https://developer.concur.com/node/490,https://developer.concur.com/expense-report/expense-report-resource/post-report-exceptions
https://developer.concur.com/node/491,https://developer.concur.com/oauth-20
https://developer.concur.com/node/494,https://developer.concur.com/oauth-20/web-flow
https://developer.concur.com/node/495,https://developer.concur.com/callouts/external-validation
https://developer.concur.com/node/496,https://developer.concur.com/travel-profile
https://developer.concur.com/node/497,https://developer.concur.com/travel-profile/form-payment-resource
https://developer.concur.com/node/498,https://developer.concur.com/travel-profile/form-payment-resource/form-payment-resource-get
https://developer.concur.com/node/499,https://developer.concur.com/travel-profile/loyalty-program-resource
https://developer.concur.com/node/500,https://developer.concur.com/travel-profile/loyalty-program-resource/loyalty-program-resource-post
https://developer.concur.com/node/501,https://developer.concur.com/api-documentation/web-services/all-available-resources
https://developer.concur.com/node/502,https://developer.concur.com/travel-profile/profile-resource
https://developer.concur.com/node/503,https://developer.concur.com/travel-profile/profile-resource/get-travel-profile
https://developer.concur.com/node/504,https://developer.concur.com/travel-profile/user-notification-resource
https://developer.concur.com/node/505,https://developer.concur.com/travel-profile/user-notification-resource/user-notification-resource-post
https://developer.concur.com/node/506,https://developer.concur.com/quick-expense
https://developer.concur.com/node/507,https://developer.concur.com/quick-expense/quick-expense-resource
https://developer.concur.com/node/508,https://developer.concur.com/quick-expense/quick-expense-resource/quick-expense-resource-get
https://developer.concur.com/node/509,https://developer.concur.com/quick-expense/quick-expense-resource/quick-expense-resource-post
https://developer.concur.com/node/510,https://developer.concur.com/itinerary-tmc-and-third-party-developers
https://developer.concur.com/node/511,https://developer.concur.com/itinerary-tmc-and-third-party-developers/booking-resource
https://developer.concur.com/node/512,https://developer.concur.com/itinerary-tmc-and-third-party-developers/booking-resource/booking-resource-post
https://developer.concur.com/node/513,https://developer.concur.com/itinerary-tmc-and-third-party-developers/itinerary-resource
https://developer.concur.com/node/514,https://developer.concur.com/itinerary-tmc-and-third-party-developers/itinerary-resource/itinerary-resource-get
https://developer.concur.com/node/515,https://developer.concur.com/itinerary-tmc-and-third-party-developers/itinerary-resource/itinerary-resource-post
https://developer.concur.com/node/516,https://developer.concur.com/travel-request
https://developer.concur.com/node/517,https://developer.concur.com/travel-request/travel-request-resource
https://developer.concur.com/node/518,https://developer.concur.com/travel-request/travel-request-resource/travel-request-resource-get
https://developer.concur.com/node/519,https://developer.concur.com/travel-request/travel-request-resource/travel-request-resource-post
https://developer.concur.com/node/520,https://developer.concur.com/callouts/external-validation/request-validation
https://developer.concur.com/node/524,https://developer.concur.com/node/524
https://developer.concur.com/node/525,https://developer.concur.com/callouts/event-notification/delete-notification
https://developer.concur.com/node/526,https://developer.concur.com/callouts/event-notification/get-notifications-status
https://developer.concur.com/node/527,https://developer.concur.com/direct-connects/hotel/post-reservation-update
https://developer.concur.com/node/532,https://developer.concur.com/node/532
https://developer.concur.com/node/533,https://developer.concur.com/support/sandbox-configuration-assistance
https://developer.concur.com/node/536,https://developer.concur.com/forums/concur-connect/general/posts/xml-schema-hotel-services-direct-connect
https://developer.concur.com/node/546,https://developer.concur.com/itinerary-triplink-suppliers/booking-object-elements-triplink
https://developer.concur.com/node/547,https://developer.concur.com/itinerary-triplink-suppliers/itinerary-resource-triplink/itinerary-resource-triplink-get
https://developer.concur.com/node/548,https://developer.concur.com/itinerary-triplink-suppliers/itinerary-resource-triplink/itinerary-resource-triplink-post
https://developer.concur.com/node/549,https://developer.concur.com/itinerary-triplink-suppliers/booking-resource-triplink/booking-resource-triplink-open-booking-post
https://developer.concur.com/node/550,https://developer.concur.com/itinerary-triplink-suppliers
https://developer.concur.com/node/551,https://developer.concur.com/itinerary-triplink-suppliers/itinerary-resource-triplink
https://developer.concur.com/node/552,https://developer.concur.com/itinerary-triplink-suppliers/booking-resource-triplink
https://developer.concur.com/node/553,https://developer.concur.com/forums/concur-connect/general/posts/launch-mobile-app-mobile-app-ios
https://developer.concur.com/node/554,https://developer.concur.com/reference/custom-list-items
https://developer.concur.com/node/555,https://developer.concur.com/itinerary-tmc-and-third-party-developers/booking-object-elements-tmcs-and-third-party-developers
https://developer.concur.com/node/557,https://developer.concur.com/reference/spend-category-codes
https://developer.concur.com/node/562,https://developer.concur.com/what-can-i-do-concur-connect/creating-financial-connectors-concur-expense
https://developer.concur.com/node/563,https://developer.concur.com/expense-report/integration-status-resource
https://developer.concur.com/node/564,https://developer.concur.com/expense-report/integration-status-resource/integration-status-resource-post
https://developer.concur.com/node/565,https://developer.concur.com/company-notification-subscription-resource
https://developer.concur.com/node/566,https://developer.concur.com/company-notification-subscription-resource/company-notification-subscription-resource-post
https://developer.concur.com/node/567,https://developer.concur.com/node/567
https://developer.concur.com/node/568,https://developer.concur.com/api-documentation/deprecated-features/payment-batch-resource-post-v11-deprecated
https://developer.concur.com/node/580,https://developer.concur.com/forums/concur-connect/general/posts/callouts
https://developer.concur.com/node/583,https://developer.concur.com/forums/concur-connect/general/posts/concur-iphone-app
https://developer.concur.com/node/586,https://developer.concur.com/expense-report/expense-entry-attendee-resource/expense-entry-attendee-resource-get
https://developer.concur.com/node/588,https://developer.concur.com/expense-report/expense-entry-attendee-resource/expense-entry-attendee-resource-put
https://developer.concur.com/node/590,https://developer.concur.com/attendee/attendee-list-resource
https://developer.concur.com/node/591,https://developer.concur.com/attendee/attendee-list-resource/attendee-list-resource-post
https://developer.concur.com/node/592,https://developer.concur.com/attendee/attendee-resource/attendee-resource-get
https://developer.concur.com/node/593,https://developer.concur.com/attendee/attendee-resource
https://developer.concur.com/node/595,https://developer.concur.com/node/595
https://developer.concur.com/node/596,https://developer.concur.com/forums/concur-connect/general/posts/sample-booking-schema-hotel
https://developer.concur.com/node/603,https://developer.concur.com/get-started
https://developer.concur.com/node/604,https://developer.concur.com/docs-and-resources
https://developer.concur.com/node/606,https://developer.concur.com/get-started/consumer-apps
https://developer.concur.com/node/607,https://developer.concur.com/get-started/enterprise-apps
https://developer.concur.com/node/608,https://developer.concur.com/get-started/open-booking
https://developer.concur.com/node/609,https://developer.concur.com/get-started/in-company-apps
https://developer.concur.com/node/612,https://developer.concur.com/api-documentation/core-concepts
https://developer.concur.com/node/614,https://developer.concur.com/docs-and-resources/documentation/cookbooks-and-tutorials
https://developer.concur.com/node/615,https://developer.concur.com/docs-and-resources/documentation/sdks
https://developer.concur.com/node/618,https://developer.concur.com/docs-and-resources/blog
https://developer.concur.com/node/619,https://developer.concur.com/docs-and-resources/support
https://developer.concur.com/node/620,https://developer.concur.com/pricing
https://developer.concur.com/node/621,https://developer.concur.com/go-market
https://developer.concur.com/node/623,https://developer.concur.com/api-documentation/drafts-internal-only/app-center-overview
https://developer.concur.com/node/624,https://developer.concur.com/go-market/app-certification
https://developer.concur.com/node/625,https://developer.concur.com/go-market/news-and-events
https://developer.concur.com/node/626,https://developer.concur.com/go-market/partner-center
https://developer.concur.com/node/627,https://developer.concur.com/go-market/app-center-overview/step-step-guide-submit
https://developer.concur.com/node/628,https://developer.concur.com/go-market/app-center-overview/faqs
https://developer.concur.com/node/629,https://developer.concur.com/go-market/app-review/how-prep-app
https://developer.concur.com/node/630,https://developer.concur.com/go-market/app-review/app-review-submissions
https://developer.concur.com/node/632,https://developer.concur.com/go-market/dev-center/dev-con-info
https://developer.concur.com/node/633,https://developer.concur.com/go-market/dev-center/dev-login
https://developer.concur.com/node/634,https://developer.concur.com/go-market/partner-center/partner-benefits
https://developer.concur.com/node/635,https://developer.concur.com/go-market/partner-center/partner-login
https://developer.concur.com/node/637,https://developer.concur.com/docs-and-resources/support/contact-tech-support
https://developer.concur.com/node/639,https://developer.concur.com/node/639
https://developer.concur.com/node/640,https://developer.concur.com/reference/locale-codes
https://developer.concur.com/node/642,https://developer.concur.com/api-documentation/web-services/tripit-concur
https://developer.concur.com/node/644,https://developer.concur.com/insights
https://developer.concur.com/node/645,https://developer.concur.com/insights/opportunities-resource
https://developer.concur.com/node/647,https://developer.concur.com/docs-and-resources/forums/concur-connect/general/posts/error-message
https://developer.concur.com/node/649,https://developer.concur.com/node/649
https://developer.concur.com/node/650,https://developer.concur.com/node/650
https://developer.concur.com/node/652,https://developer.concur.com/node/652
https://developer.concur.com/node/653,https://developer.concur.com/api-documentation/drafts-internal/itinerary-web-service-draft
https://developer.concur.com/node/654,https://developer.concur.com/purchase-order/purchase-order-receipt-resource
https://developer.concur.com/node/656,https://developer.concur.com/node/656
https://developer.concur.com/node/657,https://developer.concur.com/callouts/fetch-attendee/post-fetch-attendee
https://developer.concur.com/node/659,https://developer.concur.com/docs-and-resources/forums/concur-connect/developer-sandbox/posts/modifiedafterdate-reports-list-api-
https://developer.concur.com/node/660,https://developer.concur.com/docs-and-resources/forums/concur-connect/general/posts/wrong-reports-list-when-using-modifiedafterda
https://developer.concur.com/node/661,https://developer.concur.com/docs-and-resources/forums/concur-connect/authentication/posts/modifiedafterdate-reports-list-api-cal
https://developer.concur.com/node/662,https://developer.concur.com/docs-and-resources/forums/concur-connect/developer-sandbox/posts/add-attendee-expense-entry-getting-
https://developer.concur.com/node/663,https://developer.concur.com/docs-and-resources/forums/concur-connect/authentication/posts/authentication-or-ws-request-origin-do
https://developer.concur.com/node/666,https://developer.concur.com/docs-and-resources/forums/concur-connect/developer-sandbox/posts/how-get-only-list-expense-types-und
https://developer.concur.com/node/667,https://developer.concur.com/callouts
https://developer.concur.com/node/668,https://developer.concur.com/api-documentation/draft-documentation/travel-points-web-service/travel-points-resource/travel-points
https://developer.concur.com/node/669,https://developer.concur.com/api-documentation/draft-documentation/travel-points-web-service/travel-points-resource/travel-poin-0
https://developer.concur.com/node/670,https://developer.concur.com/api-documentation/draft-documentation/travel-points-web-service/travel-points-resource
https://developer.concur.com/node/671,https://developer.concur.com/api-documentation/draft-documentation/travel-points-web-service-draft
https://developer.concur.com/node/676,https://developer.concur.com/api-documentation/drafts-internal/booking-object-elements-triplink-open-booking-suppliers-draft
https://developer.concur.com/node/679,https://developer.concur.com/invoice-vendors/vendor-resource/vendors-resource-get
https://developer.concur.com/node/680,https://developer.concur.com/invoice-vendors/vendor-resource
https://developer.concur.com/node/681,https://developer.concur.com/invoice-vendors
https://developer.concur.com/node/682,https://developer.concur.com/docs-and-resources/forums/concur-connect/general/posts/getting-list-users-company
https://developer.concur.com/node/683,https://developer.concur.com/node/683
https://developer.concur.com/node/684,https://developer.concur.com/get-started/testimonials
https://developer.concur.com/node/685,https://developer.concur.com/digital-tax-invoices
https://developer.concur.com/node/686,https://developer.concur.com/digital-tax-invoices/digital-tax-invoices-resource
https://developer.concur.com/node/687,https://developer.concur.com/digital-tax-invoices/digital-tax-invoices-resource/digital-tax-invoices-resource-get
https://developer.concur.com/node/688,https://developer.concur.com/digital-tax-invoices/digital-tax-invoices-resource/digital-tax-invoices-resource-put
https://developer.concur.com/node/689,https://developer.concur.com/docs-and-resources/forums/concur-connect/general/posts/retrieve-itinerary-information-about-all-user
https://developer.concur.com/node/690,https://developer.concur.com/docs-and-resources/forums/concur-connect/general/posts/required-fields-post-expense-report-header
https://developer.concur.com/node/692,https://developer.concur.com/docs-and-resources/forums/concur-connect/general/posts/how-find-correct-form-expense-type
https://developer.concur.com/node/693,https://developer.concur.com/docs-and-resources/forums/concur-connect/general/posts/invalid-id-error-when-posting-new-image-repor
https://developer.concur.com/node/694,https://developer.concur.com/api-documentation/deprecated-features/get-list-reports-v20
https://developer.concur.com/node/695,https://developer.concur.com/node/695
https://developer.concur.com/node/696,https://developer.concur.com/node/696
https://developer.concur.com/node/697,https://developer.concur.com/node/697
https://developer.concur.com/node/698,https://developer.concur.com/node/698
https://developer.concur.com/node/699,https://developer.concur.com/docs-and-resources/forums/concur-connect/general/posts/concur-xa-what-exactly
https://developer.concur.com/node/704,https://developer.concur.com/get-started/webservices-overview
https://developer.concur.com/node/705,https://developer.concur.com/docs-and-resources/forums/concur-connect/general/posts/distance-field-car-mileage
https://developer.concur.com/node/706,https://developer.concur.com/expense-report/expense-report-resource/post-report-submission
https://developer.concur.com/node/707,https://developer.concur.com/expense-report/expense-report-resource/post-report-workflow-action
https://developer.concur.com/node/708,https://developer.concur.com/expense-report/expense-report-resource/get-report-digests-v30
https://developer.concur.com/node/709,https://developer.concur.com/docs-and-resources/forums/concur-connect/general/posts/drawing-form-dynamically-api-call-has-form-fi
https://developer.concur.com/node/711,https://developer.concur.com/oauth-20/native-flow
https://developer.concur.com/node/712,https://developer.concur.com/oauth-20/app-center-flow
https://developer.concur.com/node/713,https://developer.concur.com/insights/latest-bookings-resource
https://developer.concur.com/node/714,https://developer.concur.com/dev-platform-team
https://developer.concur.com/node/716,https://developer.concur.com/careers
https://developer.concur.com/node/717,https://developer.concur.com/docs-and-resources/forums/concur-connect/general/posts/view-all-employees-expense-reports
https://developer.concur.com/node/718,https://developer.concur.com/oauth-20/working-access-tokens/revoking-access-tokens
https://developer.concur.com/node/720,https://developer.concur.com/oauth-20/oauth-20-overview
https://developer.concur.com/node/725,https://developer.concur.com/connection-requests
https://developer.concur.com/node/726,https://developer.concur.com/devcon
https://developer.concur.com/node/727,https://developer.concur.com/node/727
https://developer.concur.com/node/728,https://developer.concur.com/case-study/visage
https://developer.concur.com/node/731,https://developer.concur.com/docs-and-resources/forums/concur-connect/general/posts/all-travel-request-statuses-explanation
https://developer.concur.com/node/732,https://developer.concur.com/devcon/PerfectTripFundAwards
https://developer.concur.com/node/735,https://developer.concur.com/connection-requests/connection-requests-resource
https://developer.concur.com/node/737,https://developer.concur.com/docs-and-resources/forums/concur-connect/general/posts/sample-application-connector
https://developer.concur.com/node/738,https://developer.concur.com/oauth-20/choosing-authorization-flow
https://developer.concur.com/node/742,https://developer.concur.com/oauth-20/getting-access-tokens
https://developer.concur.com/node/744,https://developer.concur.com/oauth-20/working-access-tokens
https://developer.concur.com/node/745,https://developer.concur.com/oauth-20/auto-connect-flow
https://developer.concur.com/node/746,https://developer.concur.com/docs-and-resources/forums/concur-connect/general/posts/maximum-number-multi-level-list-items
https://developer.concur.com/node/747,https://developer.concur.com/devcon/FAQ
https://developer.concur.com/node/748,https://developer.concur.com/oauth-20/refreshing-access-tokens
https://developer.concur.com/node/749,https://developer.concur.com/devcon/PerfectTripFundAwards-thank-you
https://developer.concur.com/node/750,https://developer.concur.com/docs-and-resources/forums/concur-connect/general/posts/expense-report-api-approval
https://developer.concur.com/node/751,https://developer.concur.com/docs-and-resources/forums/concur-connect/general/posts/integration-concur-limo-company
https://developer.concur.com/node/752,https://developer.concur.com/docs-and-resources/forums/concur-connect/general/posts/event-notification
https://developer.concur.com/node/753,https://developer.concur.com/docs-and-resources/forums/concur-connect/general/posts/concur-performance-issues-affecting-apis
https://developer.concur.com/node/754,https://developer.concur.com/docs-and-resources/forums/concur-connect/general/posts/hotel-required-field-startcitycode-iata-airpo
https://developer.concur.com/node/755,https://developer.concur.com/devcon/2013highlights
https://developer.concur.com/node/756,https://developer.concur.com/docs-and-resources/forums/concur-connect/general/posts/concur-expense-report-flatfile-error
https://developer.concur.com/node/757,https://developer.concur.com/docs-and-resources/forums/concur-connect/developer-sandbox/posts/concur-expense-report-flatfile-erro
https://developer.concur.com/node/758,https://developer.concur.com/docs-and-resources/forums/concur-connect/general/posts/get-list-users-created-my-domain
https://developer.concur.com/node/760,https://developer.concur.com/docs-and-resources/forums/concur-connect/developer-sandbox/posts/versioning-concur-apis
https://developer.concur.com/node/762,https://developer.concur.com/devcon/sponsors
https://developer.concur.com/node/763,https://developer.concur.com/docs-and-resources/tools
https://developer.concur.com/node/764,https://developer.concur.com/docs-and-resources/forums/concur-connect/developer-sandbox/posts/problems-posting-sample-flight-rese
https://developer.concur.com/node/766,https://developer.concur.com/node/766
https://developer.concur.com/node/767,https://developer.concur.com/node/767
https://developer.concur.com/node/768,https://developer.concur.com/node/768
https://developer.concur.com/node/777,https://developer.concur.com/ec2014-contact
https://developer.concur.com/node/778,https://developer.concur.com/api-reference
https://developer.concur.com/node/779,https://developer.concur.com/quick-start/quick-start
https://developer.concur.com/node/780,https://developer.concur.com/devcon/agenda
https://developer.concur.com/node/783,https://developer.concur.com/sales-tax-validation
https://developer.concur.com/node/784,https://developer.concur.com/access-token
https://developer.concur.com/node/788,https://developer.concur.com/docs-and-resources/forums/concur-connect/general/posts/develop-api-vertafore-ams360-api-insurance-ag
https://developer.concur.com/node/790,https://developer.concur.com/docs-and-resources/forums/concur-connect/developer-sandbox/posts/simulate-amex-expense-sandbox
https://developer.concur.com/node/791,https://developer.concur.com/docs-and-resources/forums/concur-connect/authentication/posts/android-app-integration
https://developer.concur.com/node/792,https://developer.concur.com/docs-and-resources/forums/concur-connect/general/posts/metadata-api-call
https://developer.concur.com/node/793,https://developer.concur.com/docs-and-resources/forums/concur-connect/general/posts/gdslogs-api-xml-extract
https://developer.concur.com/node/794,https://developer.concur.com/docs-and-resources/forums/concur-connect/general/posts/add-new-attendee-type-admin-section
https://developer.concur.com/node/795,https://developer.concur.com/docs-and-resources/forums/concur-connect/general/posts/403-when-trying-view-attendee-types-sandbox
https://developer.concur.com/node/796,https://developer.concur.com/docs-and-resources/forums/concur-connect/general/posts/get-companycardtransactions
https://developer.concur.com/node/797,https://developer.concur.com/docs-and-resources/forums/concur-connect/developer-sandbox/posts/travel-sandbox-not-getting-created
https://developer.concur.com/node/798,https://developer.concur.com/docs-and-resources/forums/concur-connect/general/posts/looking-employee-custom-21-sequential-43-fiel
https://developer.concur.com/node/800,https://developer.concur.com/docs-and-resources/forums/concur-connect/general/posts/add-attendees-expense-itemization
https://developer.concur.com/node/801,https://developer.concur.com/node/801
https://developer.concur.com/node/802,https://developer.concur.com/docs-and-resources/forums/concur-connect/authentication/posts/app-center-flow-and-ios
https://developer.concur.com/node/803,https://developer.concur.com/docs-and-resources/forums/concur-connect/developer-sandbox/posts/acconnect-utility-not-valid-win32-a
https://developer.concur.com/node/805,https://developer.concur.com/go-market/news-and-events/devcon
https://developer.concur.com/node/806,https://developer.concur.com/go-market/partner-resources
https://developer.concur.com/node/807,https://developer.concur.com/docs-and-resources/forums/concur-connect/developer-sandbox/posts/get-custom-lists-post-new-user
https://developer.concur.com/node/809,https://developer.concur.com/travel-profile/profile-resource/get-list-travel-profile-summaries
https://developer.concur.com/node/810,https://developer.concur.com/docs-and-resources/forums/concur-connect/authentication/posts/obtaining-key-and-secret-parent-app-co
https://developer.concur.com/node/811,https://developer.concur.com/docs-and-resources/forums/concur-connect/general/posts/using-api-extract-expense-item-receipts-bulk
https://developer.concur.com/node/812,https://developer.concur.com/docs-and-resources/forums/concur-connect/authentication/posts/code-501-when-calling-api-get-accessto
https://developer.concur.com/node/813,https://developer.concur.com/itinerary-tmc-and-third-party-developers/itinerary-data-model
https://developer.concur.com/node/814,https://developer.concur.com/receipts/post-receipt
https://developer.concur.com/node/815,https://developer.concur.com/receipts
https://developer.concur.com/node/816,https://developer.concur.com/docs-and-resources/forums/concur-connect/general/posts/deactive-user-web-services
