https://developer.concur.com/oauth-20,oauth-20\index.markdown,conceptual
https://developer.concur.com/oauth-20/oauth-20-overview,oauth-20\oauth-20-overview.markdown,conceptual
https://developer.concur.com/oauth-20/choosing-authorization-flow,oauth-20\choosing-authorization-flow.markdown,conceptual
https://developer.concur.com/oauth-20/app-center-flow,oauth-20\app-center-flow.markdown,conceptual
https://developer.concur.com/oauth-20/auto-connect-flow,oauth-20\auto-connect-flow.markdown,conceptual
https://developer.concur.com/oauth-20/native-flow,oauth-20\native-flow.markdown,conceptual
https://developer.concur.com/oauth-20/web-flow,oauth-20\web-flow.markdown,conceptual
https://developer.concur.com/access-token,oauth-20\access-token.markdown,resource
https://developer.concur.com/oauth-20/getting-access-tokens,oauth-20\getting-access-tokens.markdown,operation
https://developer.concur.com/oauth-20/refreshing-access-tokens,oauth-20\refreshing-access-tokens.markdown,operation
https://developer.concur.com/oauth-20/working-access-tokens/revoking-access-tokens,oauth-20\revoking-access-tokens.markdown,operation
https://developer.concur.com/company-notification-subscription-resource,company-notification-subscription-resource\index.markdown,resource
https://developer.concur.com/company-notification-subscription-resource/company-notification-subscription-resource-post,company-notification-subscription-resource\company-notification-subscription-resource-post.markdown,operation
https://developer.concur.com/connection-requests,connection-requests\index.markdown,conceptual
https://developer.concur.com/connection-requests/connection-requests-resource,connection-requests\connection-requests-resource.markdown,resource
https://developer.concur.com/attendee,attendee\index.markdown,conceptual
https://developer.concur.com/attendee/attendee-list-resource,attendee\attendee-list-resource.markdown,resource
https://developer.concur.com/attendee/attendee-list-resource/attendee-list-resource-post,attendee\attendee-list-resource.markdown,operation
https://developer.concur.com/attendee/attendee-resource,attendee\attendee-resource.markdown,resource
https://developer.concur.com/attendee/attendee-resource/attendee-resource-get,attendee\attendee-resource-get.markdown,operation
https://developer.concur.com/attendee/attendee-type-resource,attendee\attendee-type-resource.markdown,resource
https://developer.concur.com/attendee/attendee-type-resource/attendee-type-resource-get,attendee\attendee-type-resource-get.markdown,operation
https://developer.concur.com/digital-tax-invoices,digital-tax-invoices\index.markdown,conceptual
https://developer.concur.com/digital-tax-invoices/digital-tax-invoices-resource,digital-tax-invoices\digital-tax-invoices-resource.markdown,resource
https://developer.concur.com/digital-tax-invoices/digital-tax-invoices-resource/digital-tax-invoices-resource-get,digital-tax-invoices\digital-tax-invoices-resource-get.markdown,operation
https://developer.concur.com/digital-tax-invoices/digital-tax-invoices-resource/digital-tax-invoices-resource-put,digital-tax-invoices\digital-tax-invoices-resource-put.markdown,operation
https://developer.concur.com/expense-report,expense-report\index.markdown,conceptual
https://developer.concur.com/expense-report/company-card-transaction-resource,expense-report\company-card-transaction-resource.markdown,resource
https://developer.concur.com/expense-report/company-card-transaction-resource/company-card-transaction-resource-get,expense-report\company-card-transaction-resource-get.markdown,operation
https://developer.concur.com/expense-report/expense-delegator-resource,expense-report\expense-delegator-resource.markdown,resource
https://developer.concur.com/expense-report/expense-delegator-resource/expense-delegator-resource-get,expense-report\expense-delegator-resource\expense-delegator-resource-get.markdown,operation
https://developer.concur.com/expense-report/expense-form-field-resource,expense-report\expense-form-field-resource.markdown,resource
https://developer.concur.com/expense-report/expense-form-field-resource/expense-form-field-resource-get,expense-report\expense-form-field-resource\expense-form-field-resource-get.markdown,operation
https://developer.concur.com/expense-report/expense-form-resource,expense-report\expense-form-resource.markdown,resource
https://developer.concur.com/expense-report/expense-form-resource/expense-form-resource-get,expense-report\expense-form-resource\expense-form-resource-get.markdown,operation
https://developer.concur.com/expense-report/expense-group-configuration-resource,expense-report\expense-group-configuration-resource.markdown,resource
https://developer.concur.com/expense-report/expense-group-configuration-resource/expense-group-configuration-resource-get,expense-report\expense-group-configuration-resource\expense-group-configuration-resource-get.markdown,operation
https://developer.concur.com/expense-report/expense-report-resource,expense-report\expense-report-resource.markdown,resource
https://developer.concur.com/expense-report/expense-report-resource/get-report-details,expense-report\get-report-details.markdown,operation
https://developer.concur.com/expense-report/expense-report-resource/get-report-digests-v30,expense-report\get-report-digests-v30.markdown,operation
https://developer.concur.com/expense-report/expense-report-resource/post-report-exceptions,expense-report\post-report-exceptions.markdown,operation
https://developer.concur.com/expense-report/expense-report-resource/post-report-submission,expense-report\post-report-submission.markdown,operation
https://developer.concur.com/expense-report/expense-report-resource/post-report-workflow-action,expense-report\post-report-workflow-action.markdown,operation
https://developer.concur.com/expense-report/expense-report-header-resource,expense-report\expense-report-header-resource.markdown,resource
https://developer.concur.com/expense-report/expense-report-header-resource/expense-report-header-resource-post,expense-report\expense-report-header-resource-post.markdown,operation
https://developer.concur.com/expense-report/expense-entry-resource,expense-report\expense-entry-resource.markdown,resource
https://developer.concur.com/expense-report/expense-entry-attendee-resource,expense-report\expense-entry-attendee-resource.markdown,resource
https://developer.concur.com/expense-report/expense-entry-attendee-resource/expense-entry-attendee-resource-get,expense-report\expense-entry-attendee-resource-get.markdown,operation
https://developer.concur.com/expense-report/expense-entry-attendee-resource/expense-entry-attendee-resource-put,expense-report\expense-entry-attendee-resource-put.markdown,operation
https://developer.concur.com/expense-report/expense-entry-itemization-resource,expense-report\expense-entry-itemization-resource.markdown,resource
https://developer.concur.com/expense-report/expense-entry-itemization-resource/expense-entry-itemization-resource-post,expense-report\expense-entry-itemization-resource-post.markdown,operation
https://developer.concur.com/expense-report/integration-status-resource,expense-report\integration-status-resource.markdown,resource
https://developer.concur.com/expense-report/integration-status-resource/integration-status-resource-post,expense-report\integration-status-resource-post.markdown,operation
https://developer.concur.com/expense-report/location-resource,expense-report\location-resource.markdown,resource
https://developer.concur.com/expense-report/location-resource/location-resource-get,expense-report\location-resource-get.markdown,operation
https://developer.concur.com/extract,extract\index.markdown,conceptual
https://developer.concur.com/extract/extract-definition-resource,extract\extract-definition-resource.markdown,resource
https://developer.concur.com/extract/extract-definition-resource/extract-definition-resource-get,extract\extract-definition-resource-get.markdown,operation
https://developer.concur.com/extract/extract-file-resource,extract\extract-file-resource.markdown,resource
https://developer.concur.com/extract/extract-file-resource/extract-file-resource-get,extract\extract-file-resource\extract-file-resource-get.markdown,operation
https://developer.concur.com/extract/extract-job-resource,extract\extract-job-resource.markdown,resource
https://developer.concur.com/extract/extract-job-resource/extract-job-resource-get,extract\extract-job-resource\extract-job-resource-get.markdown,operation
https://developer.concur.com/extract/extract-job-resource/extract-job-resource-post,extract\extract-job-resource\extract-job-resource-post.markdown,operation
https://developer.concur.com/imaging,imaging\index.markdown,conceptual
https://developer.concur.com/imaging/image-resource,imaging\image-resource.markdown,resource
https://developer.concur.com/imaging/image-resource/image-resource-post,imaging\image-resource\image-resource-post.markdown,operation
https://developer.concur.com/imaging/image-url-resource,imaging\image-url-resource.markdown,resource
https://developer.concur.com/insights,insights\index.markdown,conceptual
https://developer.concur.com/insights/latest-bookings-resource,insights\latest-bookings-resource.markdown,resource
https://developer.concur.com/insights/opportunities-resource,insights\opportunities-resource.markdown,resource
https://developer.concur.com/invoice-vendors,invoice-vendors\index.markdown,conceptual
https://developer.concur.com/invoice-vendors/vendor-resource,invoice-vendors\vendor-resource.markdown,resource
https://developer.concur.com/invoice-vendors/vendor-resource/vendors-resource-get,invoice-vendors\vendor-resource\vendors-resource-get.markdown,operation
https://developer.concur.com/itinerary-tmc-and-third-party-developers,itinerary-tmc-and-third-party-developers\index.markdown,conceptual
https://developer.concur.com/itinerary-tmc-and-third-party-developers/booking-object-elements-tmcs-and-third-party-developers,itinerary-tmc-and-third-party-developers\booking-object-elements-tmcs-and-third-party-developers.markdown,conceptual
https://developer.concur.com/itinerary-tmc-and-third-party-developers/booking-resource,itinerary-tmc-and-third-party-developers\booking-resource.markdown,resource
https://developer.concur.com/itinerary-tmc-and-third-party-developers/booking-resource/booking-resource-post,itinerary-tmc-and-third-party-developers\booking-resource\booking-resource-post.markdown,operation
https://developer.concur.com/itinerary-tmc-and-third-party-developers/itinerary-resource,itinerary-tmc-and-third-party-developers\itinerary-resource.markdown,resource
https://developer.concur.com/itinerary-tmc-and-third-party-developers/itinerary-resource/itinerary-resource-get,itinerary-tmc-and-third-party-developers\itinerary-resource\itinerary-resource-get.markdown,operation
https://developer.concur.com/itinerary-tmc-and-third-party-developers/itinerary-resource/itinerary-resource-post,itinerary-tmc-and-third-party-developers\itinerary-resource\itinerary-resource-post.markdown,operation
https://developer.concur.com/itinerary-triplink-suppliers,itinerary-triplink-suppliers\index.markdown,conceptual
https://developer.concur.com/itinerary-triplink-suppliers/booking-resource-triplink,itinerary-triplink-suppliers\booking-resource-triplink.markdown,resource
https://developer.concur.com/itinerary-triplink-suppliers/booking-resource-triplink/booking-resource-triplink-open-booking-post,itinerary-triplink-suppliers\booking-resource-triplink\/booking-resource-triplink-open-booking-post.markdown,operation
https://developer.concur.com/itinerary-triplink-suppliers/booking-object-elements-triplink,itinerary-triplink-suppliers\booking-object-elements-triplink.markdown,conceptual
https://developer.concur.com/itinerary-triplink-suppliers/itinerary-resource-triplink,itinerary-triplink-suppliers\itinerary-resource-triplink.markdown,resource
https://developer.concur.com/itinerary-triplink-suppliers/itinerary-resource-triplink/itinerary-resource-triplink-get,itinerary-triplink-suppliers\itinerary-resource-triplink-get.markdown,operation
https://developer.concur.com/itinerary-triplink-suppliers/itinerary-resource-triplink/itinerary-resource-triplink-post,itinerary-triplink-suppliers\itinerary-resource-triplink-post.markdown,operation
https://developer.concur.com/list-item,list-item\index.markdown,conceptual
https://developer.concur.com/list-item/list-resource,list-item\list-resource.markdown,resource
https://developer.concur.com/list-item/list-resource/list-resource-get,list-item\list-resource-get.markdown,operation
https://developer.concur.com/list-item/list-resource/list-resource-post,list-item\list-resource-post.markdown,operation
https://developer.concur.com/payment-batch,payment-batch\index.markdown,conceptual
https://developer.concur.com/payment-batch/payment-batch-file-resource,payment-batch\payment-batch-file-resource.markdown,resource
https://developer.concur.com/payment-batch-file/payment-batch-file-resource/get-payment-batch-file,payment-batch-file\get-payment-batch-file.markdown,operation
https://developer.concur.com/payment-batch-file/payment-batch-resource,payment-batch-file\payment-batch-resource.markdown,resource
https://developer.concur.com/payment-batch-file/payment-batch-resource/get-list-payment-batches,payment-batch-file\payment-batch-resource-get.markdown,operation
https://developer.concur.com/payment-batch/payment-batch-resource/close-payment-batch,payment-batch\close-payment-batch.markdown,operation
https://developer.concur.com/purchase-order,purchase-order\index.markdown,conceptual
https://developer.concur.com/purchase-order/purchase-order-receipt-resource,purchase-order\purchase-order-receipt-resource.markdown,resource
https://developer.concur.com/purchase-order/purchase-order-resource,purchase-order\purchase-order-resource.markdown,resource
https://developer.concur.com/purchase-order/purchase-order-resource/purchase-order-resource-post,purchase-order\purchase-order-resource-post.markdown,operation
https://developer.concur.com/quick-expense,quick-expense\index.markdown,conceptual
https://developer.concur.com/quick-expense/quick-expense-resource,quick-expense\quick-expense-resource.markdown,resource
https://developer.concur.com/quick-expense/quick-expense-resource/quick-expense-resource-get,quick-expense\quick-expense-resource-get.markdown,operation
https://developer.concur.com/quick-expense/quick-expense-resource/quick-expense-resource-post,quick-expense\quick-expense-resource-post.markdown,operation
https://developer.concur.com/receipts,receipts\index.markdown,conceptual
https://developer.concur.com/receipts/post-receipt,receipts\post-receipt.markdown,resource
https://developer.concur.com/sales-tax-validation,sales-tax-validation\index.markdown,conceptual
https://developer.concur.com/travel-profile,travel-profile\index.markdown,conceptual
https://developer.concur.com/travel-profile/profile-resource,travel-profile\profile-resource.markdown,resource
https://developer.concur.com/travel-profile/profile-resource/get-travel-profile,travel-profile\get-travel-profile.markdown,operation
https://developer.concur.com/travel-profile/profile-resource/get-list-travel-profile-summaries,travel-profile\get-list-travel-profile-summaries.markdown,operation
https://developer.concur.com/travel-profile/form-payment-resource,travel-profile\form-payment-resource.markdown,resource
https://developer.concur.com/travel-profile/form-payment-resource/form-payment-resource-get,travel-profile\form-payment-resource-get.markdown,operation
https://developer.concur.com/travel-profile/loyalty-program-resource,travel-profile\loyalty-program-resource.markdown,resource
https://developer.concur.com/travel-profile/loyalty-program-resource/loyalty-program-resource-post,travel-profile\loyalty-program-resource-post.markdown,operation
https://developer.concur.com/travel-profile/user-notification-resource,travel-profile\user-notification-resource.markdown,resource
https://developer.concur.com/travel-profile/user-notification-resource/user-notification-resource-post,travel-profile\user-notification-resource-post.markdown,operation
https://developer.concur.com/travel-request,travel-request\index.markdown,conceptual
https://developer.concur.com/travel-request/travel-request-resource,travel-request\travel-request-resource.markdown,resource
https://developer.concur.com/travel-request/travel-request-resource/travel-request-resource-get,travel-request\travel-request-resource-get.markdown,operation
https://developer.concur.com/travel-request/travel-request-resource/travel-request-resource-post,travel-request\travel-request-resource-post.markdown,operation
https://developer.concur.com/trip-approval,trip-approval\index.markdown,conceptual
https://developer.concur.com/trip-approval/trip-approval-resource,trip-approval\trip-approval-resource.markdown,resource
https://developer.concur.com/trip-approval/trip-approval-resource/approval-resource-post,trip-approval\approval-resource-post.markdown,operation
https://developer.concur.com/users,users\index.markdown,conceptual
https://developer.concur.com/users/employee-form-field-resource,users\employee-form-field-resource.markdown,resource
https://developer.concur.com/user-resource/employee-form-field-resource/employee-form-field-resource-get,users\employee-form-field-resource-get.markdown,operation
https://developer.concur.com/users/user-password-resource,users\user-password-resource.markdown,resource
https://developer.concur.com/users/user-password-resource/user-password-resource-post,users\user-password-resource-post.markdown,operation
https://developer.concur.com/users/users-resource,users\users-resource.markdown,resource
https://developer.concur.com/users/users-resource/user-resource-get,users\user-resource-get.markdown,operation
https://developer.concur.com/users/users-resource/user-resource-post,users\user-resource-post.markdown,operation
https://developer.concur.com/overview,concepts\index.markdown,conceptual
https://developer.concur.com/overview/partner-applications,concepts\partner-applications.markdown,conceptual
https://developer.concur.com/callouts,concepts\callouts.markdown,conceptual
https://developer.concur.com/callouts/event-notification,callouts\event-notification.markdown,resource
https://developer.concur.com/callouts/event-notification/delete-notification,callouts\delete-notification.markdown,operation
https://developer.concur.com/callouts/event-notification/get-notifications-status,callouts\get-notifications-status.markdown,operation
https://developer.concur.com/callouts/event-notification/post-event-notification,callouts\post-event-notification.markdown,operation
https://developer.concur.com/callouts/external-validation,callouts\external-validation.markdown,conceptual
https://developer.concur.com/callouts/external-validation/request-validation,callouts\request-validation.markdown,conceptual
https://developer.concur.com/callouts/fetch-attendee,callouts\fetch-attendee.markdown,conceptual
https://developer.concur.com/callouts/fetch-attendee/post-fetch-attendee,callouts\post-fetch-attendee.markdown,conceptual
https://developer.concur.com/callouts/fetch-list,callouts\fetch-list.markdown,conceptual
https://developer.concur.com/callouts/fetch-list/post-list-search-request,callouts\post-list-search-request.markdown,conceptual
https://developer.concur.com/callouts/launch-external-url,callouts\launch-external-url.markdown,conceptual
https://developer.concur.com/callouts/launch-external-url/launch-external-url-request,callouts\launch-external-url-request.markdown,conceptual
https://developer.concur.com/direct-connects/ground-transportation,direct-connects\ground-transportation.markdown,conceptual
https://developer.concur.com/direct-connects/ground-transportation/cancel-reservation,direct-connects\ground-transportation\cancel-reservation.markdown,operation
https://developer.concur.com/direct-connects/ground-transportation/post-reservation-detail-search,direct-connects\ground-transportation\post-reservation-detail-search.markdown,operation
https://developer.concur.com/direct-connects/ground-transportation/post-reservation-sell,direct-connects\ground-transportation\post-reservation-sell.markdown,operation
https://developer.concur.com/direct-connects/ground-transportation/post-transportation-search,direct-connects\ground-transportation\post-transportation-search.markdown,operation
https://developer.concur.com/direct-connects/ground-transportation/update-reservation-supplier,direct-connects\ground-transportation\update-reservation-supplier.markdown,operation
https://developer.concur.com/direct-connects/ground-transportation/update-reservation-travel,direct-connects\ground-transportation\update-reservation-travel.markdown,operation
https://developer.concur.com/direct-connects/hotel,direct-connects\hotel.markdown,conceptual
https://developer.concur.com/direct-connects/hotel/post-availability-search,direct-connects\hotel\post-availability-search.markdown,operation
https://developer.concur.com/direct-connects/hotel/post-booking-rule-search,direct-connects\hotel\post-booking-rule-search.markdown,operation
https://developer.concur.com/direct-connects/hotel/post-hotel-search,direct-connects\hotel\post-hotel-search.markdown,operation
https://developer.concur.com/direct-connects/hotel/post-new-reservation,direct-connects\hotel\post-new-reservation.markdown,operation
https://developer.concur.com/direct-connects/hotel/post-reservation-cancellation,direct-connects\hotel\post-reservation-cancellation.markdown,operation
https://developer.concur.com/direct-connects/hotel/post-reservation-query,direct-connects\hotel\post-reservation-query.markdown,operation
https://developer.concur.com/direct-connects/hotel/post-reservation-update,direct-connects\hotel\post-reservation-update.markdown,operation
https://developer.concur.com/reference/apis-product,reference\apis-product.markdown,conceptual
https://developer.concur.com/reference/http-codes,reference\http-codes.markdown,conceptual
https://developer.concur.com/reference/locale-codes,reference\locale-codes.markdown,conceptual
https://developer.concur.com/reference/custom-list-items,reference\custom-list-items.markdown,conceptual
https://developer.concur.com/reference/spend-category-codes,reference\spend-category-codes.markdown,conceptual
https://developer.concur.com/release-notes,release-notes\index.markdown,conceptual
https://developer.concur.com/go-market/app-certification,go-market\app-certification.markdown,conceptual